location,year,Artist name,Co-applicant name,Film title,Link
Minnesota,1981,Peter Bundy,,To and From Childhood: A Portrait,
Minnesota,1981,Jackson Buxton,,Change,
Minnesota,1981,James Byrne,,Swan Songs,
Minnesota,1981,Ken Feingold,,Water Falling from One World to Another,
Minnesota,1981,Danielle Fredrickson,,Roberta,
Minnesota,1981,Roger Jacoby,,The Second Part of How To,
Minnesota,1981,Sandy Maliga,,The Hundred Thousand Tasks,
Minnesota,1981,Sheryl Mousley,,"Emmetts Light, Mississippi Galaxy",
Minnesota,1981,Kent Olson,,Tropical Shake,
Minnesota,1981,Jack Savage,,Capriccio for a Slave,
Minnesota,1981,Robert Schwartz,,Incoming Calls,
Minnesota,1982,Janet Bayliss,,Rollag (Steam Threshers Reunion),
Minnesota,1982,Richardo Bloch,,The Persistance of Memory,
Minnesota,1982,Dianne Brennan,,,
Minnesota,1982,Scott Brennan,,Still Thinking,
Minnesota,1982,Bruce Charlesworth,,"Wrong Adventures and Private Enemy, Public Eye",
Minnesota,1982,Tom DeBiaso,,"Untitled, series of video portraits",
Minnesota,1982,Charles France,,Jazz in Exile,
Minnesota,1982,Keith Froelich,,Nocturnes,
Minnesota,1982,Miroslav Janek,,Little City in Space,
Minnesota,1982,Kathleen Laughlin,,Good Grief Chronicles,
Minnesota,1982,Robert Nelson,,,
Minnesota,1982,Brad Smith,,,
Minnesota,1982,Chris Spotted Eeagle,,Indianotations,
Minnesota,1982,William Turnley,,The Ultimate Test Animal,
Minnesota,1982,Josie Winship,,Metamorphosis,
Minnesota,1983,Phyllis Berg-Pigorsch,,The Islander,
Minnesota,1983,David Brown,,From Protest to Resistance,
Minnesota,1983,Bruce Carlson,,The Larger Picture,
Minnesota,1983,Rob Danielson,,Strictly Business,
Minnesota,1983,Scott Dodds,,Sorcerer's Way,
Minnesota,1983,Jerome Fortier,,River of Rags,
Minnesota,1983,Christine Jones,,The Ocean Rooms,
Minnesota,1983,Amy Miller,,A Divorce Trial in China,
Minnesota,1983,Jane Nauman,,Lakota Quillwork-Art and Legend,
Minnesota,1983,Lenore Rindler,,Yoni's Line,
Minnesota,1983,John Steinmann,,Deception,
Minnesota,1983,Robert Vierow,,The Experiment (Temporal Relations in Conditioning),
Minnesota,1983,Steve Westerlund,,Circles of Confusion,
Minnesota,1983,Dawn Wieking,,Relations,
Minnesota,1984,Doug Allaire,,Symbols of God,
Minnesota,1984,Stephanie Beroes,,The Dream Screen,
Minnesota,1984,Richardo Bloch,,Phototropism,
Minnesota,1984,Cathy Cook,,June Brides,
Minnesota,1984,Dennis Darmek,,Objects of Desire,
Minnesota,1984,Steven Harp,,Graffiti,
Minnesota,1984,Mary Key-Shelton,,The Aftermath,
Minnesota,1984,Gary W. McQuay,,How the Loon,
Minnesota,1984,Daniel Polsfuss,,Rain on the Lion,
Minnesota,1984,Kathy Seltzer,,Untitled,
Minnesota,1984,Christopher Sullivan,,Master of Ceremonies,
Minnesota,1984,Steven Weiss,,The Boy Who Loved Venus,
Minnesota,1984,Dawn Wiedeman,,Sovereigns of Seven Troughs,
Minnesota,1985,L. Wade Black,,Dorothy Molter - Living in the Boundary Waters,
Minnesota,1985,James Byrne,,Regardless of the Moment,http://www.byrnefilms.com/
Minnesota,1985,Helen DeMichiel,,"Consider Anything, Only Don't Cry",
Minnesota,1985,Scott Dodds,,Farmer Film,
Minnesota,1985,Ken Feingold,,India Time,
Minnesota,1985,Ann Follett,,Mi Pueblo Es Chiquito,
Minnesota,1985,James Gambone,,Between the Lines,
Minnesota,1985,Ruth Ann Godollei,,Working World,
Minnesota,1985,J. J. Murphy,,Frame of Mind,
Minnesota,1985,Leighton Pierce,,"Red Swing, and Cumulonimbus",
Minnesota,1985,Roger Schmitz,,Now I Lay Me,
Minnesota,1985,Geoff Seelinger,,Walk,
Minnesota,1985,Melanie Sherwood,,The Kitty Green Story,
Minnesota,1985,Deborah Wallwork,,Warriors,
Minnesota,1985,Steve Westerlund,,Living with Nuclear Waste,
Minnesota,1985,Joanna Winship,,Coming Home to Me,
Minnesota,1986,Glenice Anderson,,Yellow Medicine Journal,
Minnesota,1986,Bruce Charlesworth,,Dateline for Danger,
Minnesota,1986,Pamela Colby,,Journey to Sobriety,
Minnesota,1986,Randy Croce,,Clouded Land,
Minnesota,1986,Rob Danielson,,Precious but Second,
Minnesota,1986,Martha Elizabeth Davis,,Hiawatha,
Minnesota,1986,John Flomer,,Ten Episodes for Sonic Discipline,
Minnesota,1986,David Haugland,,Our Time to Sing,
Minnesota,1986,Suzanne Lacy,,"Whisper, The Waves, The Wind",
Minnesota,1986,Kathleen Laughlin,,Unwasted Stories: Approaching Minnesota's Waste Issues,
Minnesota,1986,Douglas Sharples,,Kerouac Remembered,
Minnesota,1987,Steve Busa,,Sioux City,
Minnesota,1987,Laurie Beth Clark,,Un/Necessary Percent,
Minnesota,1987,Cathy Cook,,Bust Up,
Minnesota,1987,Doyle Detroit,,Doyle's Video Journal,
Minnesota,1987,Tonicka Janek,,Valo,
Minnesota,1987,Richard Kohler,,9.8,
Minnesota,1987,Claudia Looze,,In Memoriam,
Minnesota,1987,Mark McCusker,,Such Stuff Stories,
Minnesota,1987,L. Leighton Pierce,,What's Left is Wind and You Can Drive the Big Rigs,
Minnesota,1988,Charles Abourezk,,Quiet Desperation: Floyd Red Crow Westerman,
Minnesota,1988,Melisande Charles,,The Cry of Thoth,
Minnesota,1988,Bruce Charlesworth,,Dateline for Danger,
Minnesota,1988,Cecelia Condit,,Suburbs of Eden,
Minnesota,1988,Dennis Darmek,,The Big Inning,
Minnesota,1988,Helen DeMichiel,,Turn Here Sweet Corn,
Minnesota,1988,Dirk Eitzen,,Tales of the Rails,
Minnesota,1988,Keith Froelich,,Waiting for the Fare,
Minnesota,1988,Steve Grandell,,Horse Head,
Minnesota,1988,Benjamin Martin,,my Show,
Minnesota,1988,Jeanine Mellinger,,Disorders of Communications:Gossip,
Minnesota,1988,Alison Morse,,After This Message,
Minnesota,1988,Dawn Wieking,,"For Love, For Life, We're Not Going Back",
Minnesota,1989,Bruce Charlesworth,,"Private Enemy, Public Eye",
Minnesota,1989,Martha Davis,,The Woman Who Dreamed About the Shoreline,
Minnesota,1989,Kimberly Downing,,Tarawa,
Minnesota,1989,Keith Froehlich,,Waiting for the Fare,
Minnesota,1989,Robert Lawrence,,Park,
Minnesota,1989,J.J.Murphy,,Horicon,
Minnesota,1989,Jamie Patten,,Treading Water,
Minnesota,1989,J. Leighton Pierce,,Principles of Harmonic Motion,
Minnesota,1989,Debra J. Robinson,,Kiss Grandma Goodbye,
Minnesota,1989,Roger Schmitz,,Now I Lay Me…,
Minnesota,1989,Mark Tang,,Relocations and Moon Dancing,
Minnesota,1989,Eric Tretbar,,The Usual ,
Minnesota,1989,Iverson White,,Magic Love,
Minnesota,1989,John Whitehead,,Three Cups of Coffee,
Minnesota,1990,Douglas Cain,,Growing Organically,
Minnesota,1990,Paul Casella,,Poetry Television,
Minnesota,1990,Pamela Colby,,Speak Truth to Power: A Portrait of Polly Mann,
Minnesota,1990,Chris Craton,,Ghosts Along the Freeway,
Minnesota,1990,Mark Curtiss,,Slim and Kyle,
Minnesota,1990,Dennis Darmek,,Crossing the DMZ,
Minnesota,1990,Helen DeMichiel,,Tarantella,
Minnesota,1990,Sayer Frey,,Eileen is a Spy,
Minnesota,1990,Monique Gauthier,,Follow the Dirt Road: An Introduction to Intentional Communities in the 1990s,
Minnesota,1990,DeJunius Hughes,,Rockhouse: A Tribute to Otis Redding,
Minnesota,1990,Joan Kiefer,,The Lost Years,
Minnesota,1990,Diane Kitchen,,A Girl Who Has Lived,
Minnesota,1990,Jeanine Mellinger,,Videowall Quilt,
Minnesota,1990,Daniel Polsfuss,,The Minnesota 8,
Minnesota,1990,Timothy Schwab,,Ghost Dance,
Minnesota,1990,Xiong Vang,,Presenting the Hmong New Year,
Minnesota,1990,Deb Wallwork,,Sacred Buffalo People,
Minnesota,1990,Gloria Williams,,The History of Iowa City Women in Photography,
Minnesota,1991,Sadie Benning,,A Place Called Lovely,
Minnesota,1991,Daniel Bergin,,Black on Black: Droppin' Knowledge,
Minnesota,1991,Emily Birdsong,,,
Minnesota,1991,Daniel Carbone,,,
Minnesota,1991,Christine Ciano,,,
Minnesota,1991,Cathy Cook,,The Match That Started My Fire,
Minnesota,1991,Laura Davis,,Women's War,
Minnesota,1991,LeAnn Erickson,,People's Stff,
Minnesota,1991,Robert Foucault,,,
Minnesota,1991,Keith Froelich,,The Toilers and the Wayfarers,
Minnesota,1991,Mike Hazard,,Jim Northrup: With Reservations,
Minnesota,1991,Robert Lawrence,,Artists consider the Environment,
Minnesota,1991,Sandy Maliga,,circling: she + he,http://maliga.com/sandy/
Minnesota,1991,Eric Mueller,,World and Time Enough,
Minnesota,1991,J.J.Murphy,,Horicon,
Minnesota,1991,K. Erin O'Meara,Brian Smith,Cable access programs,
Minnesota,1991,Leighton Pierce,,Red Shovel,
Minnesota,1991,Camille G. Seaman,,,
Minnesota,1991,Bill Simonett,,Fare Game,
Minnesota,1991,L. Torrevillas,,,
Minnesota,1991,Xiong Vang,,Presenting the Hmong New Year,
Minnesota,1991,Garrett Williams,,Mixed Emotions,
Minnesota,1991,Rob Yeo,,,
Minnesota,1992,Bill Felker,,,
Minnesota,1992,Raul Ferrera-Balanquet,,,
Minnesota,1992,Al Gedicks,,Anishinaabe niijii = Friends of the Chippewa,
Minnesota,1992,Laura Jost,,,
Minnesota,1992,Tim Kaiser,,Burning Down My Uncle's House,http://tim-kaiser.org/
Minnesota,1992,Kathleen Laughlin,,Woman on Fire: Menopause Stories,http://www.menopausevideo.com/mediaposthome.htm
Minnesota,1992,Bridget McGibbon,,,
Minnesota,1992,Franklin Miller,,,
Minnesota,1993,Mary Ahmann,,,
Minnesota,1993,David Braden,,,
Minnesota,1993,LeAnn Erickson,,,
Minnesota,1993,Steven Grandell,,Stolen Shadows,
Minnesota,1993,Diane Kitchen,,,
Minnesota,1993,Bill Simonett,,,http://www.loft54.com/index.php
Minnesota,1993,Jerry Smith,,,
Minnesota,1993,Margaret Stratton,,,
Minnesota,1993,Nan Toskey,,,http://mediatoremember.com/
Minnesota,1993,Deb Wallwork,,,http://www.redeyevideo.org/
Minnesota,1993,Iverson White,,,
Minnesota,1995,Me-Kyung Ahn,,undertow,
Minnesota,1995,Daniel Pierce Bergin,,Mixed Messages,
Minnesota,1995,David W. Butler,,Neighbors Mural (,
Minnesota,1995,Cecelia Condit,,Book of Love,https://sites.google.com/site/ceceliacondit/
Minnesota,1995,Dennis Darmek,,Buddha’s Radio,
Minnesota,1995,Laura M. Davis,,Women’s War,
Minnesota,1995,Mo Donahue,,Soft Boiled Desire,
Minnesota,1995,LeAnn Erickson,,From One Place to Another: Emma Goldman Clinic Stories,http://sites.temple.edu/leannerickson/
Minnesota,1995,Karen Haselmann,,Burning Desire,
Minnesota,1995,Dawn Renee Jones,,Shiny Stockings,
Minnesota,1995,John R. Killacky,,Stolen Shadows,
Minnesota,1995,Karen Kysar,,untitled ,
Minnesota,1995,Kathleen Laughlin,,Women on Fire: Menopause Stories,http://www.menopausevideo.com/
Minnesota,1995,Gemma Lockhart,,The Way Home,
Minnesota,1995,Patrick Maun,,brieth,http://www.patrickmaun.com/
Minnesota,1995,Debra L. McClutchy,,Let the Girl Play,
Minnesota,1995,Monteith McCollum,,Hybrid,http://www.monteithmccollum.com/
Minnesota,1995,Shawn McConneloug,Greg Cummins,Souvenir,
Minnesota,1995,Lorraine Norrgard,,Looks into the Night,
Minnesota,1995,Lori Phelps,,"Big Trouble Up North, NOW - Mine Crandon",
Minnesota,1995,Suzan Pitt,,Joy Street,
Minnesota,1995,Adriana Rosas,,A Vow of Silence,
Minnesota,1995,Mary Hoyt Slaughter,,White Calf,
Minnesota,1995,George G. Souladze,,Ground Rules,
Minnesota,1995,Marshall Weber,,Beautiful Losers,http://www.munchgallery.com/marshall_weber
Minnesota,1996,Shelli Ainsworth,,Stay Then Go,http://staythengo.com/
Minnesota,1996,Pamela Colby,Lu Lippold,The Unapologetic Life of Margaret Randall,
Minnesota,1996,Matt Ehling,,Forbidden City,
Minnesota,1996,Lisa Fisher,,Beyond Diagnosis: Our Journeys With Breast Cancer,
Minnesota,1996,Patrick Hennessey,,The Homeless Home Movie,http://www.homelesshomemovie.com/
Minnesota,1996,Barry Kimm,,Meteor,http://barrykimm.com/
Minnesota,1996,Michele Ann Lepsche,,Ink Blot,
Minnesota,1996,Amy Ostergaard,,White Wash,
Minnesota,1996,Rafael Viera,,The Stall,
Minnesota,1996,John Whitehead,,Down in the Valley,
Minnesota,1996,Judith Yourman,,Refugee Memories,
Minnesota,1997,Mo Donahue,,Soft Boiled Desire,
Minnesota,1997,Michael Hazard,,Solar Power & Moonshine,
Minnesota,1997,Dejunius Hughes,,Phillips Gateway Documentary,
Minnesota,1997,Kella Prill,,Freight,
Minnesota,1997,Eric Tretbar,,Snow,http://www.girlmeetsbikemovie.com/
Minnesota,1997,Rafael Viera,,Leaving With Love,
Minnesota,1998,Thalia Drori,,Waiting for Darryl,
Minnesota,1998,T. J. Larson,,Stories From The Bottle,
Minnesota,1998,Kathleen Laughlin,,We Will Harbor You: A History of Minnesota’s Battered Women’s Movement,http://www.menopausevideo.com/
Minnesota,1998,Jenny Lion,,Aloha Good-bye,
Minnesota,1998,Mattie Lufkin,,Java-Funk Minnesota ,
Minnesota,1998,Bienvenida Matias,,Leaving el Barrio,
Minnesota,1998,Sarah Penman,Mark Anthony Rolo,The Great Woodland Indian Mini-Tour,
Minnesota,1999,Ayesha Adu,,Cord,
Minnesota,1999,Matt Ehling,,Access,
Minnesota,1999,Mary John,,All My Relatives,
Minnesota,1999,Steven Kelly,,Waking Giant,
Minnesota,1999,Matthew Magratten,,The Well,
Minnesota,1999,Steven Matheson,,Apple Grown in a Wind Tunnel,
Minnesota,1999,Wyatt McDill,,Garbage Man,
Minnesota,1999,Tara Spartz,,I Hate Babysitting,
Minnesota,2000,Emily Goldberg,,Venus of Mars,http://www.hwpics.com/venusofmars/index.html
Minnesota,2000,Steven Larson,,Beyond Duluth,
Minnesota,2000,Eric Mueller,,This Car Up,
Minnesota,2000,Kelly Nathe,,I Took a Bosnian Lover,
Minnesota,2000,Christopher Newberry,,Agora,http://www.minnesotamovie.com/
Minnesota,2000,Mark Pitsch,,Uneasy Peace: Ten Years After the Contra War,
Minnesota,2000,Darren Roark,,Tilt!,
Minnesota,2000,Tom Schroeder,,Riding with Harv,
Minnesota,2000,John Gregory Yolen,,Don Ciegna,
Minnesota,2001,Lisa Davitch,,Victory Square,
Minnesota,2001,Thalia Drori,,Toxic Energy:  Little Miss Potentiality Returns,
Minnesota,2001,Lynn Lukkas,,Oculus: Yangtze,
Minnesota,2001,Coleman Miller,,Uso Justo,http://www.colemanmiller.com/
Minnesota,2001,Richard Shelton,,The Coonhuntin’ Stories of Boo Larrington,
Minnesota,2001,Karen Taulelle,,CARNY,
Minnesota,2001,Marie Françoise Theodore,,Rebel in the Soul,
Minnesota,2001,Mickie Turk,Rosalie Sundin,Wayward Girls,http://mickieturkauthor.blogspot.com
Minnesota,2002,Billy Golfus,,Sex and the Single Gimp,
Minnesota,2002,Chris Larson,,County Line,http://www.magnusmuller.com/artists/chris-larson.php
Minnesota,2002,Adam Levy,,"10,000 Years",http://www.adamlevy.com/
Minnesota,2002,Mattie Lufkin,,He Ain’t Heavy,
Minnesota,2002,John O’Brien F.,,The Rise and Fall of it All,
Minnesota,2002,Matthew Stenerson,,How to Read a Letter at the End of a Movie,
Minnesota,2002,Amanda Taylor,,Freak of Nature,
Minnesota,2002,Kang Vang,,Miskas “American”,
Minnesota,2002,Mark Wojahn,,What America Needs 2002,http://www.whatamericaneeds.org/
Minnesota,2003,Olive Bieringa,Otto Ramstad,Winona,http://www.bodycartography.org/
Minnesota,2003,Matt Ehling,,Taking Liberties,
Minnesota,2003,Steven J. Foley,,Strange As Angels,
Minnesota,2003,Keith Rollins Lockwood,,Where The DJ's Roam,http://www.krlproductions.com/
Minnesota,2003,Meesh Mousavi,,My Life as a Terrorist,http://meeshmousavi.com/
Minnesota,2003,Benjamin Riesman,,Flight,
Minnesota,2003,William Slichter,,Flourtown,http://windpoweredpictures.com/
Minnesota,2003,Laurie Stern,Dan Luke,CARRY IT FORWARD!,
Minnesota,2003,Marcus Young,,"Thoughts #1, #2",
Minnesota,2004,Randy Croce,,If Stone Could Speak (Se la pietra potessero parlare),
Minnesota,2004,Brian L. Dehler,,North Shore,
Minnesota,2004,Catherine Gray,,Grace on a Stick,
Minnesota,2004,XinXai Her,,The Great Journal of Hmong History in China,
Minnesota,2004,Allison Herrera,,Prayer of the Sorrowful Mystery (working title),
Minnesota,2004,Dain Ingebretson,,Waiting,http://dainwrk.com/troublefilm/troublefilm.html
Minnesota,2004,Chris Larson,,Crush Collision,http://www.magnusmuller.com/artists/chris-larson.php
Minnesota,2004,Jila Nikpay,,Keepers of the Garden,http://www.jilanikpay.com/
Minnesota,2004,Tom Schroeder,,A Plan,
Minnesota,2005,Hisham Muhieddine Bizri,,The Tragedy of the Great House ,http://www.hmbizri.com/
Minnesota,2005,Venus DeMars,,Take My Shoulder,http://www.venusdemars.com/
Minnesota,2005,Joanna Kohler,,BOXERS,http://kohlerproductions.com/
Minnesota,2005,Teresa Konechne,,Woven from the Land: women. prairie. culture.,http://www.workinghandsproductions.com/teresa/home.html
Minnesota,2005,Albert Milgrom,,The Red Barn Project,
Minnesota,2005,Jila Nikpay,,Rhythm of Tides,http://www.jilanikpay.com/
Minnesota,2005,Mara V. Pelecis,,Souvenirs,http://souvenirsdocumentary.com/index.html
Minnesota,2005,Jason Wade,,STABBER (working title),
Minnesota,2005,Jake Yuzna,,Open,http://www.jakeyuzna.com/
Minnesota,2006,C. Channon Doerr,,A Man Made of Gold,
Minnesota,2006,David Eberhardt,,Korsang,
Minnesota,2006,Maeri S. Hedstrom,,Interludes,
Minnesota,2006,William Kruse,,Big Boy,http://www.rebelfilmworks.com/talent/kruse.php
Minnesota,2006,Moua Lee,,"Dab Neeg (A Hmong word meaning, “Stories” or “Tales”)",
Minnesota,2006,Wyatt McDill,,Four Boxes,http://www.contentpvdr.com/
Minnesota,2006,Abinadi Meza,,"Like Snow, Falling",http://abinadimeza.blogspot.com/
Minnesota,2006,Christopher Newberry,,American Heart,http://www.minnesotamovie.com/
Minnesota,2006,Mark Tang,Lu Lippold,Open Season,https://www.facebook.com/pages/Open-Season-A-Documentary/161695163848578
Minnesota,2007,Nicole Brending,,Rebel,
Minnesota,2007,Juan Antonio Del Rosario,,The System,http://threevolts.com/#JuanAntonioDelRosario
Minnesota,2007,Andrew J. Koehler,,List of Schindler?s Part I,
Minnesota,2007,Susan Marks,,Of Dolls and Murder,http://www.ofdollsandmurder.com/
Minnesota,2007,Jila Nikpay,,In Waiting,http://www.jilanikpay.com/
Minnesota,2007,Ramon Alberto Nuñez,,Invisible to You,http://ramonreel.com/
Minnesota,2007,Dave Ryan,,The Hungering Deep,
Minnesota,2008,Nicole Brending,,Duluth,
Minnesota,2008,Liza Davitch,,Czar of Cinema (working title),http://www.lizadavitch.com/
Minnesota,2008,Daniel Lundquist,,Filled In Blank,
Minnesota,2008,Catrin Magnusson,,Farming in a Lilac Shirt,
Minnesota,2008,Susannah Patrice Morse,,Haunted by the Light,
Minnesota,2008,Norah L. Shapiro,,Miss Tibet: Beauty in Exile,http://www.flyingpiecesproductions.com/
Minnesota,2008,Va-Megn Thoj,,Occult Racism: The Masking of Race in the Hmong Hunter Killings,
Minnesota,2009,John Akre,,Walker and Driver,http://sloppyfilms.net/
Minnesota,2009,Lisa Blackstone,,Grappling Girls,http://www.lisablackstoneproductions.com/home.html
Minnesota,2009,Stephen Gurewitz,,Marvin Seth and Stanley,
Minnesota,2009,Emily Haddad,,Artist in the Margin,http://www.emilyhaddad.com/
Minnesota,2009,Darin Heinis,,det.,
Minnesota,2009,Rosemary Sindt,,Love-Life,
Minnesota,2009,William Slichter,,The Feathered Ogre,
Minnesota,2009,Bryan Vue,Mong Vang,Journey to the Fallen Skies   ,https://www.facebook.com/journeytothefallenskies
Minnesota,2009,Molly Worre,"Carrie Volk
Minnesota,Carrie Bush",Golden Hour,https://www.facebook.com/pages/Golden-Hour-the- Film/236240673076323
Minnesota,2010,Michael Etoll,,Pilgrimage to the Grave of Tiny Tim,
Minnesota,2010,Jim Grafsgaard,,Midas Rat and Me,
Minnesota,2010,Ann Prim,,Little Words,
Minnesota,2010,Jesse Roesler,,The Starfish Throwers,
Minnesota,2010,Dustin M. Rosemark,,Blue Hands,
Minnesota,2010,Jenny Schmid,,VLD SK8R GRL,
Minnesota,2010,Anal Shah,,Chalchitra-Railyatra,http://vimeopro.com/analshah/portfolio/video/75048048
Minnesota,2011,Nathan Fisher,,Rebuilding Cold River,
Minnesota,2011,Andrew Hunt,,Noah,http://crankygiant.com/
Minnesota,2011,Rebecca Kingsley,,The Last Colony,
Minnesota,2011,Andrew Martin,,Canoe,
Minnesota,2011,Kevin Obsatz,,Crazy Horse,
Minnesota,2011,Jacob Swanson,,Walk Amongst the Living,
Minnesota,2011,Kao Lee Thao,,Gao Zoua Pa,
Minnesota,2011,Brennan Vance,,Like Father,
Minnesota,2011,Britni West,,Untitled,
Minnesota,2012,John Akre,,Demolition Dreaming,
Minnesota,2012,Nicole Brending,,Dollhouse,http://whoisjuniespoons.com/
Minnesota,2012,Susan Marks,John Kurtis Dehn,Murder in a Nutshell: The Frances Glessner Lee Story,
Minnesota,2012,Michael J. Peterson,,Insectula!,http://www.insectula.com/
Minnesota,2012,Maya Washington,,Through the Banks of the Red Cedar,
Minnesota,2012,Caleb Wood,,MN: Animated Portrait of Minnesota,
Minnesota,2013,Mitchell Arens,,Brother Bear,
Minnesota,2013,Kiera Faber,,Obscurer,http://www.kierafaber.com/home.html
Minnesota,2013,Stephen Gurewitz,,You Take Care,
Minnesota,2013,Laska Jimsen,,Deer of North America,
Minnesota,2013,Ann Prim,,The Sleepwalker-Notes from There,
Minnesota,2013,Brennan Vance,,The Missing Sun,
Minnesota,2013,Deacon Warner,,Radical Roots: Revolutions of the Twin Cities Food Co-ops,
New York City,1964,Mary Ellen Bute,,Passages from Finnegan's Wake,
New York City,1965,Stan Brakhage,,fellowship - no specific film,
New York City,1966,Stan Brakhage,,fellowship - no specific film,
New York City,1966,Gregory Markopoulos,,fellowship - no specific film,
New York City,1966,Arthur O. Whitney,,fellowship - no specific film,
New York City,1967,Stan Brakhage,,fellowship - no specific film,
New York City,1967,Peter Kubelka,,fellowship - no specific film,
New York City,1967,Peter Kubelka,,fellowship - no specific film,
New York City,1968,James Broughton,,The Golden Positions,
New York City,1969,James Broughton,,fellowship - no specific film,
New York City,1969,Peter Kubelka,,fellowship - no specific film,
New York City,1976,Stephen Mack,Barbara Moss,A Crime to Fit the Punishment,
New York City,1977,Frank Agnello,Mark Kawell,documentary on Alfred Stieglitz,
New York City,1977,Maxi Cohen,,Joe and Maxi,
New York City,1977,Sheila Paige,,Motherly Memoirs of the Bandit Queen,
New York City,1978,Lizzie Borden,,Born in Flames,
New York City,1978,"Roy Campanella, Jr.",,Pass/Fail,
New York City,1978,William Felker,Janell Felker,Flesh Fixtures,
New York City,1978,Robert Gardner,,Clarence and Angel,
New York City,1978,Marjorie Keller,,Daughters of Chaos,
New York City,1979,Bette Gordon,,Empty Suitcases,
New York City,1979,Martha Haslanger,,The Revolution,
New York City,1979,John Knecht,,Continuing The Adventures Of Adriaen Block,
New York City,1979,Ken Kobland,,The Communists are Comfortable And 3 Other Stories,http://www.kenkoblandfilms.com/home3.html
New York City,1979,David Shepardson,,"Don't bother me, I'm learning",
New York City,1980,Jane Aaron,,Remains To Be Seen,http://www.janeaaron.com/Jane_Aaron/Home.html
New York City,1980,Roberta Cantow,,If This Ain’t Heaven,http://www.originaldigital.net/home.html
New York City,1980,David Dawkins,,Floodstage,
New York City,1980,Larraine Lee,,,
New York City,1980,Sandy Moore,,"Luck In Loose Plaster and Gawrsh, I Didn’t Know You Was A Lady",
New York City,1980,Jan Oxenberg,,Thank You and Good Night,
New York City,1980,Anita Thacher,,Loose Corner,http://www.anitathacher.com/
New York City,1980,Edin Velez,,Meta-Mayan,http://www.edinvelez.com/
New York City,1981,Ericka Beckman,,You the Better,http://www.erickabeckman.com/Home.html
New York City,1981,Susan Brockman,,Soul Of A Dog,
New York City,1981,Christine Choy,,Mississippi Triangle,
New York City,1981,Mark Daniels,,The Influence of Strangers (genealogy),
New York City,1981,Rachael Feldman,,Wunderkind,
New York City,1981,Madeleine Gekiere,,They are Not Chrysanthemums: Only Man Can Make a Rivet,
New York City,1981,Emily Hubley,,Delivery Man,http://www.emilyhubley.com/
New York City,1981,Michael Korolenko,,Tam Lin,http://www.korrys.net/
New York City,1981,Shelia McLaughlin,Lynne Tillman,Committed,
New York City,1981,Mira Nair,,So Far From India,http://mirabaifilms.com/
New York City,1981,Mark Rance,,Death and the Singing Telegram,
New York City,1981,Ann Schaetzel,,Manhunt,
New York City,1981,Jo Tavener,,Down the Rabbit Hole. an Urban Fairytale,
New York City,1981,John Tintori,Mary Cybulski,Manhattan Dinner,
New York City,1982,Beth B,,Salvation!,http://www.bethbproductions.com/
New York City,1982,Jacob Burckhardt,,It Don’t Pay to Be an Honest Citizen,
New York City,1982,Ayoka Chenzira,,Hair Piece: A Film for Nappyheaded People,http://www.ayoka.com/
New York City,1982,Manuel De Landa,,Raw Nerves Part II,
New York City,1982,Sally Heckel,,Unspeakable,http://www.unspeakablethefilm.com/index.html
New York City,1982,Leandro Katz,,The Visit,http://www.leandrokatz.com/
New York City,1982,Mary Lucier,,Ohio at Giverny,
New York City,1982,Ruth Peyser,Jo Bonney,Random Positions,http://ruthpeyser.com/
New York City,1983,Alan Berliner,,The Family Album,http://www.alanberliner.com/
New York City,1983,Richard Bloes,,Tracking,http://richardbloes.com/
New York City,1983,Ed Bowes,,Oh No Paula!,http://www.walsung.com/
New York City,1983,Barbara Hammer,,Bent Time,http://barbarahammer.com/
New York City,1983,Lisa Hsia,,Made In China,
New York City,1983,Rachel Reichman,,The Riverbed,
New York City,1984,Liza Bear,,Force of Circumstances,
New York City,1984,Ericka Beckman,,Cinderella,http://www.erickabeckman.com/Home.html
New York City,1984,Camille Billops,,Older Women and Love,
New York City,1984,Lizzie Borden,,Working Girls,
New York City,1984,Bill Brand,,Home Less Home,http://www.bboptics.com/
New York City,1984,Ann Flournoy,,Big As Life,
New York City,1984,Sharon Greytak,,Weirded Out and Blown Away,http://www.sharongreytak.com/
New York City,1984,Joanna Kiernan,,Double Hearing,
New York City,1984,Mark Magill,,Casting Fair Ophelia,
New York City,1984,Ernest Marrero,Susan Kouguell,Before The Rise Of Premonition,
New York City,1984,Rita Myers,,The Allure of the Concentric,
New York City,1984,Al Robbins,,Inversions,
New York City,1985,Ayoka Chenzira,,Zajota and the Boogie Spirit,http://www.ayoka.com/
New York City,1985,Mary Filippo,,Who Do You Think You Are,
New York City,1985,Holly Fisher,,Soft Shoe,
New York City,1985,Andrew Horn,,The Big Blue,
New York City,1985,Margia Kramer,,New Wozzeck,
New York City,1985,Chris Kraus,,Sadness at Leaving,
New York City,1985,Spike Lee,,She’s Gotta Have It,http://www.40acres.com/
New York City,1985,Ardele Lister,,Between Heaven and Hell,http://www.ardelelister.com/index.html
New York City,1985,Shelia McLaughlin,,She Must Be Seeing Things,
New York City,1985,Sandy Moore,,Reverse Transcriptase,
New York City,1985,Leslie Thornton,,There Was an Unseen Cloud Moving,
New York City,1985,Lynne Tillman,,Two Serious Ladies,
New York City,1985,James D. Trainor,,Oceania,
New York City,1985,Edin Velez,,Meaning of the Interval,http://www.edinvelez.com/
New York City,1986,Stephanie Black,,H-2 Worker,http://www.lifeanddebt.org/
New York City,1986,Tone Blevins,,Spectre Woman Chronicles,
New York City,1986,Emily Breer,,Spiral,
New York City,1986,Donna Cameron,,"Tyger, Tyger",http://www.donnacameron.info/
New York City,1986,Abigail Child,,Mercy,http://abigailchild.com/
New York City,1986,Su Friedrich,,Damned If You Don't,http://www.sufriedrich.com/
New York City,1986,Jennie Livingston,,Paris is Burning,
New York City,1986,Rita Myers,,Phantom Cities,
New York City,1986,Matthew Schlanger,,"Black Dog Dreams, Blue Mercury and Bad Knees",http://www.lumpybanger.com/
New York City,1986,Bill Stephens,,The Manhattanland Grant Company,
New York City,1986,Jane Weinstock,,The Clean Up,
New York City,1987,Eugenia Balcells,,Seeing the Dance,http://www.eugeniabalcells.com/
New York City,1987,David Blair,,WAX or the Discovery of Television Among the Bees,http://www2.iath.virginia.edu/wax/english/1movie/1all/F/1/1a1a2a1.html
New York City,1987,Joan Braderman,,Joan Sees Stars,
New York City,1987,Olivia Carrescia,,Todos Santos Cuchumatan: Report from a Guatemalan Village,
New York City,1987,Ken Feingold,,Childhood/Hot & Cold Wars,http://www.kenfeingold.com/
New York City,1987,Vanalyne Green,,A Spy in the House that Ruth Built,
New York City,1987,Marjorie Keller,,Private Parts,
New York City,1987,Rob Schweber,,WORD UP (Part One),
New York City,1987,Maureen Selwood,,Flying Circus: An Imagined Memoir,http://maureenselwood.com/
New York City,1988,Caroline Avery,,Tale of the Widowed Mirror,
New York City,1988,Mark Daniels,,Reciprocating Chambers,
New York City,1988,Douglas Eisenstark,,Leonardo:  The Mind of a Painter,
New York City,1988,Holly Fisher,,Bullets for Breakfast,
New York City,1988,Sharon Greytak,,Hearing Voices,http://www.sharongreytak.com/
New York City,1988,Lewis Klahr,,"Tales of the Forgotten Future, Parts III and IV",
New York City,1988,Anita Thacher,,Lost/In Memoriam,http://www.anitathacher.com/
New York City,1988,Leslie Thornton,,Peggy and Fred in Hell,
New York City,1988,Jack Walsh,,The Second Coming,
New York City,1988,Grahame Weinbren,,Sonata,http://grahameweinbren.net/
New York City,1988,Darrell Wilson,,Untitled,
New York City,1989,Jeff Balsmeyer,,The Room,http://www.jeffbalsmeyer.com/ftp.jeffbalsmeyer.com/Features.html
New York City,1989,Alan Berliner,,Intimate Stranger,http://www.alanberliner.com/
New York City,1989,Shu Lea Cheang,,Those Fluttering Objects of Desire,http://www.mauvaiscontact.info/
New York City,1989,Mark D’Auria,,Smoke,
New York City,1989,Gordon Eriksen,,Manchild,http://gordoneriksen.com/
New York City,1989,Ann Flournoy,,HOW TO BE LOUISE,http://anneflournoy.com/
New York City,1989,Nina Fonoroff,,The Accursed Mazurka,http://www.ninafonoroff.com/
New York City,1989,Su Friedrich,,Sink or Swim,http://www.sufriedrich.com/
New York City,1989,Matthew Geller,,Lizard Sales,http://www.matthewgeller.com/
New York City,1989,Barbara Hammer,,Sanctus,http://barbarahammer.com/
New York City,1989,Todd Haynes,,Poison,
New York City,1989,Peter Herwitz,,In the Shape of Waking,
New York City,1989,Franco Marinai,,"Y.I.M.E.R., Feet and Meters, Mirrors & Word for Word",http://www.marinai.com/
New York City,1989,Pola Rapaport,,Broken Meat,http://www.polarapaport.com/
New York City,1989,Terese Svoboda,,Orphans ,http://www.teresesvoboda.com/
New York City,1990,Peggy Ahwesh,,The Trilogy of Plato’s Cave: The Family Crisis,http://www.hi-beam.net/mkr/pa/pa-bio.html
New York City,1990,Irit Batsry,,Traces of a Presence to Come,http://www.iritbatsry.com/
New York City,1990,Terry Berkowitz,,A Rock and a Hard Place,http://www.terryberkowitz.com/
New York City,1990,Jonathan Berman,,The Shvitz,http://www.docurama.com/docurama/the-shvitz/
New York City,1990,Roddy Bogawa,,Some Divine Wind,http://www.roddybogawa.com/
New York City,1990,Donna Cameron,,Transpo,http://www.donnacameron.info/
New York City,1990,Ayoka Chenzira,,Alma’s Rainbow,http://www.ayoka.com/
New York City,1990,Abigail Child,,B/side,http://abigailchild.com/
New York City,1990,Leslie Harris,,Just Another Girl on the IRT,
New York City,1990,Kathryn High,,Underexposed: The Temple of the Fetus,
New York City,1990,Harriet A. Hirshorn,,The Disappearance of TiSoeur,
New York City,1990,Tom Kalin,,Swoon,
New York City,1990,Susan Meiselas,,Pictures from a Revolution,http://www.susanmeiselas.com/
New York City,1990,Kelvin Zachary Phillips,,Love In Brief,
New York City,1990,Daniel Walworth,,San Antonio Rose,
New York City,1990,Philip O. Weisman,,The Fugitive Chef,
New York City,1991,Beth B,,Under Lock and Key,http://www.bethbproductions.com/
New York City,1991,Zoe Beloff,,Echo,http://www.zoebeloff.com/
New York City,1991,Mark LaPore,,100 Views of New York,
New York City,1991,Daniel Minahan,,His Father's Song,
New York City,1991,Keith Sanborn,,The Gift,
New York City,1991,Jeffrey Noyes Scher,,Milk of Amnesia,
New York City,1991,Ellen Spiro,,Party Safe!,http://www.spirofilms.com/
New York City,1991,Penelope Wehrli,,"Kuss, Ikone, Kupala",http://andreaweiss.net/
New York City,1991,Andrea Weiss,,A Suitcase in Berlin,http://www.aether1.org/
New York City,1992,Maria Beatty,,Interior Scroll,
New York City,1992,Kyle Boyd,,Life Matters,
New York City,1992,Olivia Carrescia,,Mayan Voices: American Lives,http://icarusfilms.com/filmmakers/carr.html
New York City,1992,Yau Ching,,Flow,
New York City,1992,Jem Cohen,,Lost Book Found,http://jemcohenfilms.com/wp/
New York City,1992,Norman Cowie,,Scenes from an endless war (2001-2002),
New York City,1992,Susan Delson,,Arranging Flowers/A Definition of Luck,
New York City,1992,Richard Fahey,,Value 2 Comics,
New York City,1992,Su Friedrich,,Bedtime Stories,http://www.sufriedrich.com/
New York City,1992,Robin Guarino,,I Turned and Looked Another Way,http://www.robinguarino.com/clients/guarinor/nav/splash.shtml
New York City,1992,Thomas Allen Harris,,VINTAGE—Families of Value,http://www.chimpanzeeproductions.com/about.html
New York City,1992,Valerie Immy Humes,,Which Witch?,http://www.dochumes.com/
New York City,1992,Leandro Katz,,El Día Que Me Quieras,http://www.leandrokatz.com/
New York City,1992,Erik Day Lewis,,The Lost Artist - An Urban Fairytale,
New York City,1992,Nora Ligorano,Marshall Reese,Acid Migration of Culture,http://ligoranoreese.net/
New York City,1992,Jennifer Montgomery,,"I, a Lamb",http://www.ruthozeki.com/
New York City,1992,Ruth Ozeki,,Halving the Bones,
New York City,1992,Katherine Rivera Pieratos,,Wilma and Nicky,
New York City,1992,Trish Rosen,Kate Farrell,How Many Men?...,
New York City,1992,Catherine Saalfield,Jacqueline Woodson,Hallelujah!,
New York City,1992,Garth Stein,,Street Noise,
New York City,1992,Leslie Thornton,,The Great Invisible,
New York City,1993,Susana Aikin,Carlos Aparicio,The Transformation,http://susanaaikin.org/
New York City,1993,Mark D’Auria,,Feet of Clay,
New York City,1993,Mary Filippo,,The Trickle Down Theory of Sorrow,
New York City,1993,Larry Gottheim,,Chants & Dances for Hand,
New York City,1993,Amy Greenfield,,Raw-Edged Woman,http://www.amygreenfieldfilms.com/
New York City,1993,Sharon Greytak,,The Love Lesson,http://www.sharongreytak.com/
New York City,1993,Henry Hills,Sally Silvers,Mechanics of the Brain,http://www.henryhills.com/
New York City,1993,Yunah Hong,,Between the Lines: Asian American Women’s Poetry,
New York City,1993,Chris Kraus,,Gravity and Grace,http://semiotexte.com/?page_id=139
New York City,1993,Sherry Millner,,Wet Palms,
New York City,1993,Marilyn Rodan,,Girlina,
New York City,1993,Demetria Royals,,Inventing Herself,
New York City,1993,Calogero Salvo,,"Mama, I Have Something To Tell You",http://www.calogerosalvo.com/
New York City,1993,Dwight L. Smith,,Circles,
New York City,1994,Karim Aïnouz,,"Paixão Nacional/National Passion, parts II & III",
New York City,1994,Roddy Bogawa,,Junk,http://www.roddybogawa.com/
New York City,1994,Emily Breer,,Superhero,
New York City,1994,Jean Carlomusto,,To Catch a Glimpse,http://www.jeancarlomusto.com/
New York City,1994,Christine Chang,,House of Venus Flytrap,
New York City,1994,Yau Ching,,Diasporama,
New York City,1994,Joel Katz,,Dear Carry,http://www.onierafilms.com/Oniera_Films/home.html
New York City,1994,Jennifer Montgomery,,Art for Teachers of Children,
New York City,1994,Esther Podemski,,House of the World,http://www.estherpodemski.com/
New York City,1994,Ellen Spiro,,Roam Sweet Home,http://www.spirofilms.com/
New York City,1994,Carolyn Strachan,,Drowned Rats,
New York City,1994,Ela Troyano,,Latin Boys Go To Hell,
New York City,1995,Jo Andres,,Black Kites,http://joandres.com/
New York City,1995,Adam Cohen,,Fire of Time,http://www.blindgrace.com/index.html
New York City,1995,Janie Geiser,,Magnetic Sleep,http://www.janiegeiser.com/
New York City,1995,Peter Herwitz,,Patina,
New York City,1995,Kathryn High,,The 23 Songs of the Chromosomes,
New York City,1995,Lewis Klahr,,Pony Glass,
New York City,1995,Bill Oliver,,The Debutante,http://billoliverdirector.com/
New York City,1995,Tony Pemberton,,Beyond the Ocean,
New York City,1995,Jennifer Reeves,,Chronic,http://www.jenniferreevesfilm.com/pages/index.php
New York City,1995,Al Santana,,Journey 1000,http://www.alsantana.com/
New York City,1995,Peter Sillen,,I Am Secretly an Important Man,http://pumpernickelinc.com/
New York City,1995,Jocelyn Taylor,,Bodily Functions,
New York City,1996,Terry Berkowitz,,Chant for the Unsettled,http://www.terryberkowitz.com/
New York City,1996,Gregg Bordowitz,,The Suicide,http://www.greggbordowitz.com/
New York City,1996,Sandi DuBowski,,Trembling Before G-d,
New York City,1996,Daresha Kyi,,"Loosen Knot, Release Me",
New York City,1996,Lana Lin,,Almost the Cocktail Hour,http://www.linpluslam.com/index/home.html
New York City,1996,Ioannis Mookas,,Only Human,
New York City,1996,Suzie Silver,,The Look of Love: A Gothic Romance,http://harpsilver.com/artists/Suzie-Silver
New York City,1996,Laurie Wen,,"Don’t Worry, I’m Fine",
New York City,1997,John Kolomvakis,James Dowell,Sleep in a Nest of Flames,http://www.sleepinanestofflames.com/index.html
New York City,1997,Alisa Lebow,Cynthia Madansky,Treyf,http://www.madansky.com/
New York City,1997,Julia Loktev,,Moment of Impact,
New York City,1997,Susan Muska,Gréta Ólafsdóttir,The Brandon Teena Story,
New York City,1997,Jeffrey Noyes Scher,,Grand Central,http://fezfilms.net/
New York City,1998,Doug Aitken,,Eraser,http://www.dougaitkenworkshop.com/
New York City,1998,Omonike Akinyemi,,Nelly’s Bodega,
New York City,1998,Zoe Beloff,,Where Where There There Where,http://www.zoebeloff.com/
New York City,1998,Cecilia Dougherty,,Gone,http://www.ceciliadougherty.com/
New York City,1998,Robert Fenz,,Revival,
New York City,1998,Holly Fisher,,Kalama Sutta: Seeing is Believing,
New York City,1998,Amy Jenkins,,"Sheltering for Daydreaming, From the Same Water, and Whirligig",http://www.amyjenkins.net/
New York City,1998,Kirsten Johnson,Julia Pimsleur,Innocent Until Proven Guilty,
New York City,1998,Susan Korda,,One of Us,
New York City,1998,Ernest Larsen,,Yellow Cab,
New York City,1998,Luca Buvoli,,Flying: Practical Training for Beginners,http://www.lucabuvoli.com/
New York City,1998,Eve-Laure Moros,Linzy Emery,Made in Thailand,
New York City,1998,Julie Murray-Noble,,"Micromoth, Untitled (Blood), and Deliquium",http://julifilm.blogspot.com/
New York City,1998,Allison Prete,,Lavender Lake,
New York City,1998,Pola Rapaport,,Blind Light,http://www.polarapaport.com/
New York City,1998,Gideon Shmorak,,An Ocean Apart,
New York City,1998,Nandini Sikand,,Don’t Fence Me In,http://www.nandinisikand.com/
New York City,1998,Joe Sola,,The Anxiety of the Rented Room,http://www.joesola.info/
New York City,1998,Debra Solomon,,Everybody’s Pregnant,http://debrasolomon.com/
New York City,1998,Kim-Chi Tyler,,Chac,
New York City,1998,Richard Wormser,,Behind The Veil,
New York City,1998,Alessandra Zeka,Rob Rapley,Të Durosh,http://www.adrenalinefilms.net/index.html
New York City,1999,Emily Abt,Yoruba Richen,Take It From Me,http://purelandpictures.com/
New York City,1999,Peggy Ahwesh,,The Star Eaters,http://www.hi-beam.net/mkr/pa/pa-bio.html
New York City,1999,Shawn Atkins,,The Traveling Eye of the Blue Cat,
New York City,1999,Phyllis Baldino,,Color Without Color,http://phyllisbaldino.com/
New York City,1999,Lana Bernberg,,Wake Me When It’s Over,
New York City,1999,Nicholas Blair,,Our Holocaust Vacation,http://ourholocaustvacation.com/
New York City,1999,Eva Ilona Brzeski,,Last Seen,http://evailonabrzeski.com/
New York City,1999,Martha Holloway Burgess,,Ignatz’ Nose,http://marthaburgess.com/
New York City,1999,Laurie Collyer,,Nuyorican Dream,
New York City,1999,Tania Lucia Cypriano,,Grandma Has a Video Camera,http://www.taniacypriano.com/
New York City,1999,Alice Elliott,,The Collector of Bedford Street,http://www.newday.com/filmmakers/Alice_Elliott.html
New York City,1999,Rodney Evans,,Brother To Brother,http://www.rodneyevansfilm.com/
New York City,1999,Jennifer Fieber,,Their Idols Disintegrate,
New York City,1999,Nicole Koschmann,,"Black, White and Yellow",
New York City,1999,Patrice Mallard,,BRIARS WILL CUT: My Mother’s Line,
New York City,1999,Greg Pak,,Brother Killer Wolf,http://gregpak.com/
New York City,1999,Walid Ra’ad,,Hostage,http://www.theatlasgroup.org/
New York City,1999,Pola Rapaport,,FAMILY SECRET,http://www.polarapaport.com/
New York City,1999,Craig Renaud,,A Harlem Tale,http://www.renaudbrothers.com/
New York City,1999,Dempsey Rice,,Daughter of Suicide,http://www.dempseyrice.com/
New York City,1999,Joel Schlemowitz,,Venus in Furs,http://www.joelschlemowitz.com/
New York City,1999,Angel Velasco Shaw,,Excuse me...Are You Pilipino? ,
New York City,1999,Sasha Waters,,Razing Appalachia,http://www.pieshake.com/
New York City,1999,Juan Carlos Zaldivar,,90 MILES,
New York City,2000,Zoe Beloff,,Shadow Land or Light From the Other Side,http://www.zoebeloff.com/
New York City,2000,François Bucher,,White Balance (to think is to forget differences),
New York City,2000,Lisa DiLillo,,Tongues Don't Have Bones: A Journey Into Burma,www.lisadilillo.com
New York City,2000,Tirtza Even,Brian Karl,"Far, Along",http://tirtzaeven.info/
New York City,2000,Nicole Franklin,,I Was Made to Love Her,http://www.nicolefranklin.com/
New York City,2000,Brian Frye,,Wormwood’s Dog and Monkey Show,http://www.dipperfilms.com/
New York City,2000,Jennifer Hardacker,,"Wherever You Go, There You Are",
New York City,2000,Dejan Kovacevic,,Mirror,
New York City,2000,Sarah Jane Lapp,,Chronicles of A Professional Eulogist,http://www.cinemagoat.com/
New York City,2000,Julia Loktev,,Said in Passing,
New York City,2000,Thomas Piper,,Can You Get To That:  The Welfare to Work Trip.,
New York City,2000,Alex Rivera,,Sleep Dealer,http://alexrivera.com/
New York City,2000,Shelly Silver,,Suicide,http://www.shellysilver.com/
New York City,2000,Eve Sussman,,China/White—Scenes from an Exile ,http://www.rufuscorporation.com/
New York City,2000,Reiko Tahara,,The GateKeeper of Enmyoin,
New York City,2000,Hannah Weyer,,Escuela,http://hannahweyer.com/
New York City,2001,Linda Goode Bryant,Laura Poitras,Flag Wars,http://www.zeitgeistfilms.com/film.php?directoryname=flagwars&mode=filmmaker
New York City,2001,Paul Chan,,"Happiness (Finally) After 35,000 Years of Civilization",http://www.nationalphilistine.com/happiness/
New York City,2001,Maya Churi,,Forest Grove,
New York City,2001,Lisa Crafts,,The Flooded Playground,http://www.lisacrafts.com/
New York City,2001,Jim de Séve,,Tying the Knot,
New York City,2001,James Dowell,John Kolomvakis,Ned Rorem:  Word and Music,
New York City,2001,Rebecca (Feig) Dreyfus,,STOLEN,
New York City,2001,Judd Ehrlich,,Mayor of the West Side,http://flatbushpictures.com/
New York City,2001,Elizabeth Elson,,Born in a Barn,
New York City,2001,Michael Gitlin,,the birdpeople,http://michaelgitlin.com
New York City,2001,Harriet A. Hirshorn,,Pote Mak Sonje:  The Raboteau Trial,
New York City,2001,Georgia Lee,,Red Doors,http://www.reddoorsthemovie.com/
New York City,2001,Aaron Mathews,,A Panther in Africa,http://www.aaronmatthews.com
New York City,2001,Manoshi Chitra Neogy,,Sand Shades,http://www.sandshades.org/
New York City,2001,Kristen Nutile,,Secret Mechanisms,http://www.softspokenfilms.com/
New York City,2001,Ramón Rivera-Moret,,On Calloway Street,
New York City,2001,Matt Ruskin,,The Glen of the Downs,http://www.8feettall.com/
New York City,2001,Jeff Shames,Jonathan Skurnik,Spit It Out,http://www.mintleafproductions.com
New York City,2001,Rico Speight,,Where Are They Now?,http://ricoworkshop.com
New York City,2002,Mark Becker,,Romantico,http://www.meteorfilms.org/
New York City,2002,Gregory Branch,,Real-Life Reconciliation,
New York City,2002,Katy Chevigny,,Deadline,http://www.bigmouthproductions.com
New York City,2002,Tana Hargest,,New Negrotopia,
New York City,2002,Yael Kanarek,,World of Awe,http://www.worldofawe.net/
New York City,2002,Ross Kauffman & Zana Briski,,Born Into Brothels,http://www.kids-with-cameras.org
New York City,2002,Nora Ligorano,Marshall Reese,Fiber Optic Tapestry--50 Different Minds,http://ligoranoreese.net/
New York City,2002,Kristin Lucas,,Supervision,http://www169.pair.com
New York City,2002,Rena Mundo Croshere,Nadine Mondo,American Commune,http://www.americancommunemovie.com
New York City,2002,Mayu Nakamura,,The Summer of Stickelback,
New York City,2002,Stefan Roloff,,The Red Orchestra,http://www.when6is9.com
New York City,2002,Kit-Yin Snyder,,Double Exposure,http://www.kityinsnyder.com/
New York City,2002,Kimberly Wood,,On My Knees,http://www.kimwood.org/
New York City,2002,Suzi Yoonessi,,Vern,http://www.suziyoonessi.com
New York City,2002,Marina Zurkow,,Nicking the Never,http://www.o-matic.com/
New York City,2003,Seoungho Cho,,ws.3,
New York City,2003,Jason DaSilva,,Lest We Forget,
New York City,2003,Elle Flanders,,Zero Degrees of Separation ,
New York City,2003,Leah Gilliam,,Agenda for a Landscape Vol. 6,
New York City,2003,Sarah Goodman,,Army of One,http://redstorm.ca/army-of-one/
New York City,2003,Jacqueline Goss,,How To Fix The World,http://www.jacquelinegoss.com/
New York City,2003,Shaun Irons,Lauren Petty,Artificial Paradise,http://www.automaticrelease.org/
New York City,2003,Annemarie Jacir,,like twenty impossibles,
New York City,2003,Stephen Marshall,Josh Shore,American Blackout,http://revolutiontheory.com
New York City,2003,Liselle Mei,,Lower East Side Stories,http://www.qifilm.com
New York City,2003,Alysa Nahmias,Benjamin Murray,Unfinished Spaces,http://www.unfinishedspaces.com
New York City,2003,Reynold Reynolds,,Stadtplan,http://artstudioreynolds.com
New York City,2003,Richard Rowley,Jacqueline Soohen,The Fourth World War,http://www.bignoisefilms.com
New York City,2003,Lynne Sachs,,States of UnBelonging,http://www.lynnesachs.com/
New York City,2003,Ruth Sergel,,Belle,http://streetpictures.org/
New York City,2003,Kirk Shannon-Butts,,Blueprint,http://www.flickeria.com
New York City,2003,Therese Shechter,,I Was a Teenage Feminist,http://www.trixiefilms.com/
New York City,2003,Mark Street,,Rockaway,http://www.markstreetfilms.com
New York City,2003,Shashwati Talukdar,,Eunuch Alley,shashwati.com
New York City,2003,Sarah Teitler,,All Roads Lead to the Sea,http://allroadsleadtothesea.com
New York City,2003,Jade Wu,,In Search of Golden Phoenix:  The Invisible Legacy,http://www.goldenphoenixproductions.com
New York City,2004,Don Bernier,,In A Nutshell: A Portrait of Elizabeth Tashjian,http://www.mimeticmedia.com/main.html
New York City,2004,Nicole Cattell,,REVOLUC!ON: CINCO MIRADAS/ FIVE VISIONS,http://www.nicolecattell.com/
New York City,2004,Norman Cowie,,The Dimension In Which It Reigns Supreme,http://www.vdb.org/artists/norman-cowie
New York City,2004,Joseph Cultrera,,HAND OF GOD,http://www.zingerplatz.com/
New York City,2004,Angie Eng,,Memobile,http://angieeng.com/
New York City,2004,Diane Fraher,,THE REAWAKENING,http://amerinda.org/reawakening/thestory.htm
New York City,2004,Louis V. Galdieri,Ken Ross,1913 Massacre,http://1913massacre.com
New York City,2004,Denis Iris,,A Year of Minimentals,http://www.deniseiris.com
New York City,2004,Jacquie Jones,,"Diagnosis: Babies, Breast Cancer & the Lives of Modern Women",
New York City,2004,Shin il Kim,,Invisible Masterpiece,
New York City,2004,Jeanne Liotta,,Observando El cielo,http://www.jeanneliotta.net
New York City,2004,Cynthia Madansky,,Presence,http://www.madansky.com/
New York City,2004,Tricia McLaughlin,,SeeWorld,http://www.triciamclaughlin.net/
New York City,2004,Kristen Nutile,,Loss,http://www.softspokenfilms.com/
New York City,2004,Catalina Santamaria,,Luminescence,
New York City,2004,Kit-Yin Snyder,,Me & Marco Polo,http://www.kityinsnyder.com/
New York City,2004,Scott Solary,Luci Westphal,All God’s Children,
New York City,2004,Thea St. Omer,,GAZE: a look at love,http://trufilms.com/
New York City,2004,Marjan Tehrani,,Arusi Persian Wedding,http://www.allgodschildrenthefilm.com
New York City,2004,Melissa Young,,Fireflies and June Bugs,
New York City,2005,Louis A. Abelman,Bent-Jorgen Perlmutt,Lumo,http://www.louisabelman.com/
New York City,2005,Signe Baumane,,Birth,http://www.signebaumane.com/
New York City,2005,Andrew Berends,,The Blood of My Brother: A Story of Death in Iraq,http://www.storytellerinc.com/
New York City,2005,Virgilio “Vee” Bravo,,Estilio Hip Hop,http://www.pbs.org/itvs/globalvoices/estilohiphop.html
New York City,2005,Martha Colburn,,Destiny Manifesto and Meet Me in Wichita,http://www.marthacolburn.com/
New York City,2005,Lisa Fisher,,Positive Women (working title),
New York City,2005,Joshua Frankel,,BICYCLE MESSENGERS,http://joshuafrankel.net/
New York City,2005,Richard Hankin,,Home Front,http://www.lookingglassfilms.net/index.html
New York City,2005,Shalini Kantayya,,A Drop of Life,http://shalinikantayya.net/
New York City,2005,Jodi Kaplan,,In the Blood,http://www.jodikaplan.com/
New York City,2005,Gregory King,,Rotating Mirror,http://www.gregoryking.net/film/
New York City,2005,Marie Losier,,The Ontological Cowboy,http://marielosier.net/
New York City,2005,Karen Mafundikwa,,The Price of Memory,https://www.facebook.com/pages/The-Price-of-Memory/286344298087129
New York City,2005,Tomoko Oguchi,,Folklore Restaurant,http://www.tomokooguchi.com/Home.html
New York City,2005,JP Olsen,,The Narcotic Farm,http://www.narcoticfarm.com/index.html
New York City,2005,Bari Pearlman,,Daughters of Wisdom,http://www.btgproductions.com/
New York City,2005,Daniel Ragussis,,Haber,http://www.haberfilm.com/index.html
New York City,2005,Yoruba Richen,,Promised Land,http://www.promisedlandfilm.com/
New York City,2005,Tara Wray,,"Manhattan, Kansas",http://www.tarawray.net/
New York City,2006,Keith Bearden,,Train Town,http://lapster.wix.com/keithbearden
New York City,2006,Cherien Dabis,,Make a Wish,http://cheriendabis.me/
New York City,2006,Yunah Hong,,Anna May Wong: In Her Own Words,
New York City,2006,Sarah Kunstler,Emily Kunstler,William Kunstler: Disturbing the Universe,http://disturbingtheuniverse.com/
New York City,2006,Lanre Olabisi,,August the First,http://www.augustthefirst.com/
New York City,2006,Marlo Poras,,Run Granny Run,
New York City,2006,Matthew Frank Thomas,,The Kindness of Strangers,http://www.matthewthomasart.com/
New York City,2006,Suzi Yoonessi,,"Dear Lemon Lima,",http://www.suziyoonessi.com/
New York City,2006,Adam Zucker,,Greensboro: Closer to the Truth,http://www.greensborothemovie.com/film/index.html
New York City,2007,Mitch Deoudes,,The Death of Doctor Island,http://houseofpain.org/
New York City,2007,Jörg Fockele,,Limbus,http://fockele.com/index_fl.html
New York City,2007,Sarah Friedland,,Thing With No Name,http://sarahfriedland.com/
New York City,2007,Jennifer Grausman,,Pressure Cooker,http://www.nonsequiturproductions.com/
New York City,2007,Lovisa Inserra,,Buster,http://www.bunkerland.com/
New York City,2007,Maryam Keshavarz,,Persian Fashionistas: A New Generation of Revolutionaries,http://www.maryamkeshavarz.com/
New York City,2007,Mitch McCabe,,Youth Knows No Pain,http://mitchmccabe.com/
New York City,2007,Moon Molson,,Crazy Beats Strong Every Time,http://www.crazybeatsstrong.com/
New York City,2007,Ian Olds,,Fixer: The Taking of Ajmal Naqshbandi,http://arts.columbia.edu/film/ian-olds
New York City,2007,Rachel Perkoff,,Another Lost Angel,http://www.anotherlostangel.org/
New York City,2007,Gabriella Spierer,,RAISING INMATE 3851,http://adhesivefilms.net/index.html
New York City,2007,Ray Tintori,,Glory At Sea,http://court13.com/
New York City,2007,Luci Westphal,,All’s Well and Fair,http://allswellandfair.com/
New York City,2008,Natalia Almada,,El General,http://www.altamurafilms.com/
New York City,2008,Michael L. Brown,,25 to Life,http://25tolifefilmsite.com/
New York City,2008,Michael Collins,,Give Up Tomorrow,http://www.pacodocu.com/
New York City,2008,J.B. Herndon,,Autopilot,https://www.facebook.com/pushingtheelephant
New York City,2008,Mai Iskander,,Garbage Dreams,http://www.recurringfilms.com/home.html
New York City,2008,Ana Joanes,,"Fresh
New York City,",http://www.garbagedreams.com/
New York City,2008,Erik Levine,,cocker,http://www.freshthemovie.com/
New York City,2008,Kalup Linzy,,Notes from a Limerent,http://www.eriklevine.com/index.html
New York City,2008,Elizabeth Mandel,Beth Davenport,Pushing The Elephant,http://www.kaluplinzyartist.com/
New York City,2008,John Menick,,Paris Syndrome,http://www.johnmenick.com/
New York City,2008,Elinyisia Mosha,,Anatomy of Poverty,http://firelightmedia.tv/2011/01/elinyisia-mosha/
New York City,2008,Aaron Schock,,CIRCO (”Circus”),
New York City,2008,Jackie Smith,,If I Leap,http://ericmorrell.net/work/if-i-leap
New York City,2008,Rachel Smith,,The Problem of Haiti,
New York City,2008,Stephanie Wang-Breal,,"Wo Ai Ni Mommy (I Love You, Mommy)",http://www.stephaniewangbreal.com/
New York City,2008,Miao Wang,,Beijing Taxi,http://www.miaowang.com/
New York City,2008,Avi Zev Weider,,Welcome to the Machine,http://www.avizevweider.com/
New York City,2008,James N. Kienitz Wilkins,,Public Hearing,http://www.automaticmoving.com/
New York City,2008,Susan Youssef,,Habibi,http://habibithefilm.com/index.html
New York City,2009,Mary Billyou,,"GUN, HAT...",http://marybillyou.com/
New York City,2009,Ian Cheney,,The City Dark,http://iancheney.wordpress.com/
New York City,2009,Carter Gunn,Ross McDonnell,Colony,http://rossmcdonnell.com/colony.html
New York City,2009,Gabriela Ilijeska,,Azra,http://gabriela-i.zxq.net/
New York City,2009,Hossein Keshavarz,,Dog Sweat,http://www.dogsweatthefilm.com/
New York City,2009,Craig Macneill,,Henley,http://www.northlakefilms.com/
New York City,2009,John Magary,,"Go Down, Antoinette",https://www.facebook.com/themendfilm
New York City,2009,Marlo Poras,,The Mosuo Sisters,
New York City,2009,Duncan Skiles,Masie Cochran,Still Life,http://waverlyfilms.com/duncan/
New York City,2009,Remy Weber,,Kiss the Past Goodbye,
New York City,2009,Gabrielle Weiss,,The Color of Land,
New York City,2010,Reuben Atlas,,The Brothers Hypnotic,http://www.hypnoticbrassfilm.com/
New York City,2010,Signe Baumane,,A Guide to Survival,http://www.signebaumane.com/
New York City,2010,Keith Bearden,,God Hates Kansas,http://lapster.wix.com/keithbearden
New York City,2010,Patricia Benoit,,Stones in the Sun,https://www.facebook.com/StonesInTheSun
New York City,2010,Raquel Cepeda,,Deconstructing Latina,http://djalirancher.com/film/deconstructing-latina/
New York City,2010,Cristina Ibarra,,Las Marthas,http://www.undocumentedfilms.com/
New York City,2010,Marie Losier,,The Ballad of Genesis and Lady Jaye,http://www.balladofgenesisandladyjaye.com/ballad/
New York City,2010,Irina Patkanian,,Socrates of Kamchatka,http://www.kamchatkamovie.com/
New York City,2010,Jennifer Redfearn,,Sun Come Up,http://www.suncomeup.com/
New York City,2010,Maia Wechsler,,Melvin & Jean: An American Story,http://melvinandjean.com/
New York City,2010,Gabriel Winer,,The Terrors of Basket Weaving,http://cargocollective.com/gabrielwiner/The-Terrors-of-Basket-Weaving
New York City,2010,Jessica Wolfson,Paul Lovelace,Radio Unnameable,http://www.radiounnameablemovie.com/
New York City,2010,Jeremy Xido,,The Angola Project,http://www.c6films.com/ANGOLA/
New York City,2011,Angad Bhalla,,Herman’s House,http://hermanshousethefilm.com/
New York City,2011,Alice Cox,,Poisonberry,http://rustrainfilms.com/?item=pberry
New York City,2011,Enrico Cullen,,Salt in the Air,http://saltintheair.net/
New York City,2011,Jason DaSilva,,When I Walk,http://wheniwalk.com/
New York City,2011,Bart Everly,,Velvet Vision,http://www.barteverly.com/pages/film_velvet.html
New York City,2011,Yance Ford,,Strong Island,
New York City,2011,Oded Hirsch,,Nothing New,http://www.odedhirsch.com/videos/vid3.html
New York City,2011,Robin Honan,,Ain’t I A Woman,
New York City,2011,Devin Horan,,Late and Deep,http://devinhoran.carbonmade.com/projects/3259853#1
New York City,2011,Mai Iskander,,Words of Witness,http://www.wordsofwitness.com/
New York City,2011,Adam Keleman,,Long Days,http://adamkeleman.com/film_video.html
New York City,2011,Mark Kendall,,La Camioneta,http://www.lacamionetafilm.com/
New York City,2011,Alison Klayman,,Ai Weiwei: Never Sorry,http://aiweiweineversorry.com/
New York City,2011,Joshua Koury,Myles Kane,Journey to Planet X,http://journeytoplanetx.com/
New York City,2011,Penny Lane,Brian L. Frye,Our Nixon,http://www.ournixon.com/
New York City,2011,Abbey Luck,,The Observer,http://www.abbeyluck.com/film.html
New York City,2011,Xavier Marrades Orga,,Trans Time,
New York City,2011,Ruth Peyser,,I’m Here It’s Me Can You See,http://ruthpeyser.com/film/can-you-see.html
New York City,2011,Yoruba Richen,,The New Black,http://www.newblackfilm.com/
New York City,2011,Joshua Sanchez,,Four,http://www.fourthemovie.com/
New York City,2011,Carrie Schneider,,Burning House,http://carrieschneider.net/projects/burninghouse-chapas.html
New York City,2011,Jay Stern,,The Adventures of Paul and Marian,http://adventuresofpaulandmarian.com/
New York City,2011,Joshua Weinstein,,Drivers Wanted,http://www.driverswantedfilm.com/
New York City,2011,Matt Wolf,,Teenage,http://www.teenagefilm.com/
New York City,2012,Kevin T. Allen,,Real West,http://www.smallgauge.org/
New York City,2012,Andres Caballero,,El Pastor,http://www.capitalkpictures.com/elpastor.html
New York City,2012,Christina Choe,,My Axis of Evil,
New York City,2012,Maya Ciarrocchi,,Overburden,http://www.mayaciarrocchi.com/
New York City,2012,Scott Cummings,,BUFFALO JUGGALOS,http://buffalojuggalosfilm.tumblr.com/
New York City,2012,Jean-Michel Dissard,Gitte Peng,I Learn America,http://ilearnamerica.com/
New York City,2012,Blair Doroshwalther,,The Fire This Time,http://www.promisedlandfilm.com/films/the-fire-this-time-
New York City,2012,Zachary Heinzerling,,Cutie and the Boxer,http://www.cutieandtheboxer.com
New York City,2012,J.B. Herndon,,Dreamweapon,
New York City,2012,Devin Horan,,Grodek,http://devinhoran.carbonmade.com/projects/3260215#1
New York City,2012,Keith Miller,,FiveStar,http://www.keith-miller.com/
New York City,2012,Moon Molson,,"The Bravest, the Boldest",http://www.pactumfilms.com/#!thebravesttheboldest/c13ay
New York City,2012,Jeff Reichert,,Remote Area Medical,http://focusforwardfilms.com/films/37/
New York City,2012,Deb Shoval,,AWOL,
New York City,2012,Stefanie Sparks,,Cathy Coppola,http://www.cathycoppolamovie.com/
New York City,2012,Michele Stephenson,,American Promise,http://www.americanpromise.org/
New York City,2012,Christine Turner,,Homegoings,http://www.homegoings.com/
New York City,2012,Stephanie Wang-Breal,,Fighting Foster,http://www.stephaniewangbreal.com/project/fighting-foster/
New York City,2012,Sam Zalutsky,,How to Make it to the Promised Land,https://www.facebook.com/HowToMakeItToThePromisedLand
New York City,2013,Corinne Botz,,What the Doctor Said,http://www.corinnebotz.com/
New York City,2013,Aaron Brookner,,Smash the Control Machine: Howard Brookner and The Western LandsSmash the Control Machine: Howard Brookner and The Western Lands,http://www.pinballonline.moonfruit.com/
New York City,2013,Anna Fahr,,Transit Game,http://www.annafahr.com/
New York City,2013,"Sam Feder",,Kate Bornstein is a Queer and Pleasant Danger,http://samfeder.com/make-me-a-star
New York City,2013,David Figueroa,,Perfidia (Bloom),http://www.fideliofilms.com/
New York City,2013,Jennifer Grausman,Sam Cullman,Art and Craft,http://www.nonsequiturproductions.com/
New York City,2013,Adam Keleman,,Easy Living,http://adamkeleman.com/film_video.html
New York City,2013,Yuki Kokubo,,Kasamayaki,http://yukikokubo.com/kasamayaki
New York City,2013,Shona Masarin,,Ghost line,http://ghostlinesproject.tumblr.com/Film
New York City,2013,Crystal Moselle,,The Wolfpack Project,
New York City,2013,Vincent Peone,Josh Ruben,The Sea is Blue,http://vincentpeone.tumblr.com/
New York City,2013,Bent-Jorgen Perlmutt,,Against the Clock,
New York City,2013,Chris Teague,,The Woods Are Burning,http://woodsareburning.com/
New York City,2013,Jessica Walker,,366,http://366film.wordpress.com/